Name,Age,Phone,Level,Interested Department,Service
Ubah Splendalv,14,Not Provided,SS1,Choir (wants to learn),6:30 service
Ogenna Favour,Not Provided,9041561132,Admission seeker,"Media, Publicity, Music",6:30 service
Emmanuel Praise,Not Provided,7045600223,SS3,Music,6:30 service
Emmanuel Olive,15,8060324692,SS2,"Sanctuary Keepers, Bible study",6:30 service
Ezebunwa Arthur,16,7019952244,Admission seeker,Sanctuary Keepers,6:30 service
Kach,22,7026220992,work,Choir,6:30 service
Chukwuemeka Precious,12,don't have,SS3,"Choir, Library",6:30 service
Olugbuo Esther,14,9032311847,Not Provided,Not Provided,6:30 service
Akolye Chizurum,17,8032582507,Admission seeker,Sanctuary Keepers,6:30 service
Ikenna Chinonso,15,7045578045,SS2,Not Provided,6:30 service
Nwosu Favour Amarachi,14,8066024719,SS2,Media,6:30 service
Eze Winner,15,7033924510,Science,Media,6:30 service
Stephen Eberechi,14,8149810798,SS1,Not Provided,6:30 service
Chinweze Amarachi,15,Not Provided,SS2,Not Provided,6:30 service
Akonye Onyedikachi Bright,14,9117993740,SS1,"Library, Sanctuary Keepers",6:30 service
Ejike Blessing,15,Not Provided,JSS2,Sanctuary Keepers,6:30 service
Uche Favour,16,8068913185,SS3,"Sanctuary Keepers, Bible study",6:30 service
Nwachukwu Nmesoma,13,Not Provided,JSS3,Not Provided,6:30 service
Chizoputaram Glory Chidiebube,17,Not Provided,SS1,"Choir, Music",6:30 service
Nwogu Ezruche Glory,16,8038647491,SS1,Not Provided,6:30 service
Abraham Destiny,13,Not Provided,JSS2,Not Provided,6:30 service
Chimaobi Blessed,17,9162850149,Admission seeker,Music,6:30 service
Fortune Uche,Not Provided,9164003161,Not Provided,Not Provided,6:30 service
Franklin Z.,16,7081140510,SS2,Not Provided,6:30 service
Ifeanyi Jonathan,Not Provided,90642244532,working,Not Provided,6:30 service
Chukwuemeka Destiny,13,70347622241,SS1,Library,6:30 service
Chia Gozie Elvis,16,8089413487,SS3,Not Provided,6:30 service
Acho Amblessed,15,9073918891,SS3,"Choir, Library",6:30 service
Acho Success,13,9073918891,Jss2,Library,6:30 service
Ogueri Somtochukwu G.,13,8037836442,JSS3,Choir,6:30 service
Digih Miracle,18,Not Provided,Working,Not Provided,6:30 service
Chukwuzugo Praise-God,Not Provided,Not Provided,Not Provided,Not Interested,6:30 service
Chinyere Michael,Not Provided,Not Provided,Not Provided,Media,6:30 service
Samuel Emmanuella,18,9018201789,Working,Music,6:30 service
Isper Samuel,15,9134462497,SS1,Not Provided,6:30 service
Egeonu Jessica M.,17,7012391518,A WORKER,Publicity,6:30 service
Friday Chijindu,14,8149143535,S.S.1,Not Provided,6:30 service
Emmanuel Favour,17,7050730424,working,Not Provided,6:30 service
Peterside Favour,16,8149246002,Admission,Not Provided,6:30 service
Sunday Precious,17,9010465047,teaching/working,Media,6:30 service
Onwubualili Abundant Light,14/15,8067409708,SS1,Not Provided,6:30 service
Kelechi Blessing,15,8131520101,S.S. II,Music,6:30 service
Chukwu God Time,Not Provided,Not Provided,worker,Not Provided,6:30 service
Chimezie Blessing,15,Not Provided,SS1,Not Provided,6:30 service
Amarachi Emeka,17,9018255102,Worker,Not Provided,6:30 service
Donald Chika P.,17,7072175645,Addmission Seeker,Not Provided,6:30 service
Obinna Joy,13,803972907,JSS3,Sanctuary Keepers,6:30 service
Ezinwa Victory,13,7037528126,SS1,Library,6:30 service
Chinedu Emmanuel,13,8033931308,JSS3,Library,6:30 service
Chinedu Praise,14,8033931308,SS 1,"Sanctuary Keepers, Music",6:30 service
Emmanuel Rex Co,Not Provided,8037433922,JSS3,Not Provided,6:30 service
Nwannunu Treasure,15,8053796092,Admission seeker,"Library, Sanctuary Keepers",6:30 service
Ifeanyi Praise,16,8032380152,SS2,Not Provided,6:30 service
Somto Stephanie Ikechukwu,14,8105913010,S.S.2,"Media, Sanctuary Keepers",6:30 service
Emmanuel Winner,17,8122636656,Admission seeker,Sanctuary Keepers,6:30 service
Doba Mirabel Ogochukwu,18,9078169135,SS3,Not Provided,6:30 service
Nwaobilor Divine M.,16,7048286045,Admission Seeker,Sanctuary Keepers,6:30 service
Ezechumere Princess Benita,14,7039736744,SS1,Choir,6:30 service
Arucha Precious Topto,16,8037721478,SS3,"Choir, Library",6:30 service
Adukwu Jessica N.,13,8038098311,SS1,"Library, Sanctuary Keepers",6:30 service
Moabueze Munachi,17,Not Provided,SS2,Not Provided,6:30 service
Daniel,14,7067995099,SS2,Sanctuary Keepers,6:30 service
Akonye Ogechi,17,8101045820,100LV,"Music, Bible study",6:30 service
Godswill Alozie,14,8034686026,SS1,Sanctuary Keepers,6:30 service
Anucha Chimamaka B.,14,8037721478,SS1,Music,6:30 service
Chiemela Kelechi K.,13,7061701123,JSS3,Music,6:30 service
Onwenta Great,15,8079334407,SS2,Sanctuary Keepers,6:30 service
Ikpeazu Great,Not Provided,9085202652,Not Provided,Choir,6:30 service
Friday Chijindu,14,8149143535,SS.1,Not Provided,8:30 service
Samuel Emmanuella,18,9018201789,Working,Music,8:30 service
Isper Samuel,15,9134462497,SS1,Not Provided,8:30 service
Chinyere Michael,Not Provided,Not Provided,Not Provided,Media,8:30 service
Chukwuzugo Praise-God,Not Provided,Not Provided,Not Provided,Not Interested,8:30 service
Digih Miracle,18,Not Provided,Working,Not Provided,8:30 service
Chukwuemeka Destiny,13,78347622241,SS1,Library,8:30 service
Ogueri Somtochukwu G.,13,8037836442,JSS3,Choir,8:30 service
Acho Success,13,9073918891,JSS2,"Choir, Library",8:30 service
Acho Amblessed,Not Provided,9073918891,SS3,"Choir, Library",8:30 service
Chia Gozie Elvis,16,8089413487,SS3,Not Provided,8:30 service
Fortune Uche,Not Provided,9162400326,Not Provided,Not Provided,8:30 service
Franklin Z.,16,1081140510,SS2,Not Provided,8:30 service
Ifeanyi Jonathan,22,9064244532,working,Not Provided,8:30 service
Chimaobi Blessed,17,916285014,Admission Seaker,Music,8:30 service
Justice Mac-Noble,15,7034695188,SS3,Sanctuary Keepers,8:30 service
Sampson Victor Chifera,15,Not Provided,SS2,Library,8:30 service
Uduma Ezinne Uoama Grace,15,Not Provided,JSS 3,Bible study,8:30 service
Emmanuel Munachi,12,Not Provided,JSS2,Music,8:30 service
Nwala Prosper Enyinnaria,19,8085442966,400L,Not Provided,8:30 service
Anayochi Divinesuccess,15,803893054,SS2,"Choir, Conducting",8:30 service
Success,Not Provided,8065393550,Schooling SS3,"Choir, Sanctuary Keepers, Bible study",8:30 service
Ebuka Clement,Not Provided,9122319215,Admission,Sanctuary Keepers,8:30 service
Michael Chizaram,Not Provided,9035259883,SS1,Not Provided,8:30 service
Michael Ginikachi,13,8033225711,Jss2,Not Provided,8:30 service
Michael Goodluck,16,708554719,SS2,Not Provided,8:30 service
Emmanuel Munachi,12,Not Provided,JSS2,Not Provided,8:30 service
Uduma Erinne Uoama Grace,15,Not Provided,JSS 3,Bible study,8:30 service
Sampson Victor Chifera,15,Not Provided,SS2,Library,8:30 service
Chimezie Blessing,15,Not Provided,SS1,Not Provided,8:30 service
Justice Mac-Noble,15,7034695188,SS3,Sanctuary Keepers,8:30 service
Chukwu God Time,Not Provided,Not Provided,worker,Not Provided,8:30 service
Kelechi Blessing,15,8131520107,S.S. II,Music,8:30 service
Onwubualili Abundant Light,14/15,8067409708,SS1,Library,8:30 service
Peterside Favour,16,8149246002,Admission,Not Provided,8:30 service
Sunday Precious,17,9010465047,teaching / working,Media,8:30 service
Emmanuel Favour,17,9050730424,working,Publicity,8:30 service
Abraham Destiny,13,Not Provided,JSS2,Not Provided,8:30 service
Egeonu Jessica M.,17,7012391518,A WORKER,"Library, Publicity",8:30 service